current_pos,player_first_last,current_score,current_points,round,thru,today,R1,R2,R3,R4,win,top_5,top_10,make_cut,last_update,event_name,tourney_um
1,Austin Smotherman,-26,50,4,18,-3,63,62,65,68,100,100,100,100,10/4/2026 18:05,Bank of Utah Championship,39
2,Doug Ghim,-24,25,4,18,-2,65,62,64,69,0,100,100,100,10/4/2026 18:05,Bank of Utah Championship,39
T3,Trace Crowe,-23,25,4,18,-5,66,65,64,66,0,100,100,100,10/4/2026 18:05,Bank of Utah Championship,39
T3,David Ford,-23,25,4,18,-7,65,67,65,64,0,100,100,100,10/4/2026 18:05,Bank of Utah Championship,39
T5,Ben James,-22,25,4,18,-4,65,66,64,67,0,100,100,100,10/4/2026 18:05,Bank of Utah Championship,39
T5,Kevin Streelman,-22,25,4,18,-4,63,64,68,67,0,100,100,100,10/4/2026 18:05,Bank of Utah Championship,39
T7,Luke Clanton,-21,15,4,18,-9,67,69,65,62,0,0,100,100,10/4/2026 18:05,Bank of Utah Championship,39
T7,Steven Fisk,-21,15,4,18,-4,63,66,67,67,0,0,100,100,10/4/2026 18:05,Bank of Utah Championship,39
9,Kihei Akina,-20,15,4,18,-6,67,67,65,65,0,0,100,100,10/4/2026 18:05,Bank of Utah Championship,39
T10,Neal Shipley,-19,15,4,18,-3,67,63,67,68,0,0,100,100,10/4/2026 18:05,Bank of Utah Championship,39
T10,Rico Hoey,-19,15,4,18,-4,64,69,65,67,0,0,100,100,10/4/2026 18:05,Bank of Utah Championship,39
T10,Johnny Keefer,-19,15,4,18,-2,67,67,62,69,0,0,100,100,10/4/2026 18:05,Bank of Utah Championship,39
T13,Harry Hall,-18,7,4,18,-6,67,68,66,65,0,0,0,100,10/4/2026 18:05,Bank of Utah Championship,39
T13,A.J. Ewart,-18,7,4,18,-2,65,67,65,69,0,0,0,100,10/4/2026 18:05,Bank of Utah Championship,39
T13,Michael Brennan,-18,7,4,18,-6,64,66,71,65,0,0,0,100,10/4/2026 18:05,Bank of Utah Championship,39
T13,Zach Bauchou,-18,7,4,18,-5,62,69,69,66,0,0,0,100,10/4/2026 18:05,Bank of Utah Championship,39
T13,Billy Horschel,-18,7,4,18,-6,66,67,68,65,0,0,0,100,10/4/2026 18:05,Bank of Utah Championship,39
T13,Lee Hodges,-18,7,4,18,-7,67,68,67,64,0,0,0,100,10/4/2026 18:05,Bank of Utah Championship,39
T13,Ben Kohles,-18,7,4,18,-4,66,67,66,67,0,0,0,100,10/4/2026 18:05,Bank of Utah Championship,39
T13,Alejandro Tosti,-18,7,4,18,-7,66,69,67,64,0,0,0,100,10/4/2026 18:05,Bank of Utah Championship,39
T21,Seamus Power,-17,7,4,18,-4,70,66,64,67,0,0,0,100,10/4/2026 18:05,Bank of Utah Championship,39
T21,Zac Blair,-17,7,4,18,-5,66,70,65,66,0,0,0,100,10/4/2026 18:05,Bank of Utah Championship,39
T21,Chris Kirk,-17,7,4,18,-1,68,63,66,70,0,0,0,100,10/4/2026 18:05,Bank of Utah Championship,39
T21,Justin Lower,-17,7,4,18,-5,69,66,66,66,0,0,0,100,10/4/2026 18:05,Bank of Utah Championship,39
T21,Gordon Sargent,-17,7,4,18,-2,67,65,66,69,0,0,0,100,10/4/2026 18:05,Bank of Utah Championship,39
T26,Max Homa,-16,1,4,18,-3,65,68,67,68,0,0,0,100,10/4/2026 18:05,Bank of Utah Championship,39
T26,David Lipsky,-16,1,4,18,-2,63,68,68,69,0,0,0,100,10/4/2026 18:05,Bank of Utah Championship,39
T26,Takumi Kanaya,-16,1,4,18,-4,69,65,67,67,0,0,0,100,10/4/2026 18:05,Bank of Utah Championship,39
T26,Jordan Smith,-16,1,4,18,-5,63,71,68,66,0,0,0,100,10/4/2026 18:05,Bank of Utah Championship,39
T26,Max McGreevy,-16,1,4,18,-4,65,66,70,67,0,0,0,100,10/4/2026 18:05,Bank of Utah Championship,39
T26,Stephan Jaeger,-16,1,4,18,1,63,65,68,72,0,0,0,100,10/4/2026 18:05,Bank of Utah Championship,39
T32,Christiaan Bezuidenhout,-15,1,4,18,-3,64,69,68,68,0,0,0,100,10/4/2026 18:05,Bank of Utah Championship,39
T32,Kevin Yu,-15,1,4,18,-7,66,69,70,64,0,0,0,100,10/4/2026 18:05,Bank of Utah Championship,39
T32,Danny Walker,-15,1,4,18,-3,69,64,68,68,0,0,0,100,10/4/2026 18:05,Bank of Utah Championship,39
T32,Dylan Wu,-15,1,4,18,-4,69,66,67,67,0,0,0,100,10/4/2026 18:05,Bank of Utah Championship,39
T32,Patrick Fishburn,-15,1,4,18,-5,66,68,69,66,0,0,0,100,10/4/2026 18:05,Bank of Utah Championship,39
T32,Kevin Roy,-15,1,4,18,-1,63,63,73,70,0,0,0,100,10/4/2026 18:05,Bank of Utah Championship,39
T32,Kristoffer Ventura,-15,1,4,18,0,67,66,65,71,0,0,0,100,10/4/2026 18:05,Bank of Utah Championship,39
T32,William Mouw,-15,1,4,18,-8,68,68,70,63,0,0,0,100,10/4/2026 18:05,Bank of Utah Championship,39
T40,John VanDerLaan,-14,1,4,18,0,64,67,68,71,0,0,0,100,10/4/2026 18:05,Bank of Utah Championship,39
T40,Jackson Suber,-14,1,4,18,-1,66,65,69,70,0,0,0,100,10/4/2026 18:05,Bank of Utah Championship,39
T40,Chad Ramey,-14,1,4,18,-2,66,65,70,69,0,0,0,100,10/4/2026 18:05,Bank of Utah Championship,39
T43,Harry Higgs,-13,1,4,18,-5,67,66,72,66,0,0,0,100,10/4/2026 18:05,Bank of Utah Championship,39
T43,Emiliano Grillo,-13,1,4,18,-3,65,69,69,68,0,0,0,100,10/4/2026 18:05,Bank of Utah Championship,39
T45,Sudarshan Yellamaraju,-12,1,4,18,1,63,69,68,72,0,0,0,100,10/4/2026 18:05,Bank of Utah Championship,39
T45,Erik Van Rooyen,-12,1,4,18,-2,65,68,70,69,0,0,0,100,10/4/2026 18:05,Bank of Utah Championship,39
T45,Brice Garnett,-12,1,4,18,-2,69,65,69,69,0,0,0,100,10/4/2026 18:05,Bank of Utah Championship,39
T45,Mark Hubbard,-12,1,4,18,-1,70,65,67,70,0,0,0,100,10/4/2026 18:05,Bank of Utah Championship,39
T45,Davis Riley,-12,1,4,18,0,69,64,68,71,0,0,0,100,10/4/2026 18:05,Bank of Utah Championship,39
T45,Patrick Rodgers,-12,1,4,18,-3,70,64,70,68,0,0,0,100,10/4/2026 18:05,Bank of Utah Championship,39
T45,Patton Kizzire,-12,1,4,18,-2,68,66,69,69,0,0,0,100,10/4/2026 18:05,Bank of Utah Championship,39
T45,Taylor Moore,-12,1,4,18,-2,68,66,69,69,0,0,0,100,10/4/2026 18:05,Bank of Utah Championship,39
T53,Matt McCarty,-11,1,4,18,0,66,70,66,71,0,0,0,100,10/4/2026 18:05,Bank of Utah Championship,39
T53,Matthieu Pavon,-11,1,4,18,-8,66,70,74,63,0,0,0,100,10/4/2026 18:05,Bank of Utah Championship,39
T53,Beau Hossler,-11,1,4,18,-2,70,64,70,69,0,0,0,100,10/4/2026 18:05,Bank of Utah Championship,39
T53,Jesper Svensson,-11,1,4,18,-3,68,67,70,68,0,0,0,100,10/4/2026 18:05,Bank of Utah Championship,39
T53,Nick Taylor,-11,1,4,18,-1,64,68,71,70,0,0,0,100,10/4/2026 18:05,Bank of Utah Championship,39
T53,Adrien Dumont De Chassart,-11,1,4,18,-1,69,65,69,70,0,0,0,100,10/4/2026 18:05,Bank of Utah Championship,39
T59,Chandler Blanchet,-10,1,4,18,2,69,63,69,73,0,0,0,100,10/4/2026 18:05,Bank of Utah Championship,39
T59,John Parry,-10,1,4,18,-4,70,66,71,67,0,0,0,100,10/4/2026 18:05,Bank of Utah Championship,39
T59,Adam Svensson,-10,1,4,18,-3,67,69,70,68,0,0,0,100,10/4/2026 18:05,Bank of Utah Championship,39
T62,Nick Dunlap,-9,1,4,18,-4,63,73,72,67,0,0,0,100,10/4/2026 18:05,Bank of Utah Championship,39
T62,Davis Thompson,-9,1,4,18,0,70,66,68,71,0,0,0,100,10/4/2026 18:05,Bank of Utah Championship,39
T62,Joel Dahmen,-9,1,4,18,0,65,71,68,71,0,0,0,100,10/4/2026 18:05,Bank of Utah Championship,39
T65,Jackson Koivun,-8,1,4,18,-1,69,67,70,70,0,0,0,100,10/4/2026 18:05,Bank of Utah Championship,39
T65,Eric Cole,-8,1,4,18,-1,66,67,73,70,0,0,0,100,10/4/2026 18:05,Bank of Utah Championship,39
67,Zecheng Dou,-7,1,4,18,2,69,65,70,73,0,0,0,100,10/4/2026 18:05,Bank of Utah Championship,39
CUT,Ben Silverman,-5,0,2,0,0,70,67,,,0,0,0,0,10/4/2026 18:05,Bank of Utah Championship,39
CUT,Maverick McNealy,-5,0,2,0,0,69,68,,,0,0,0,0,10/4/2026 18:05,Bank of Utah Championship,39
CUT,Matt Wallace,-5,0,2,0,0,70,67,,,0,0,0,0,10/4/2026 18:05,Bank of Utah Championship,39
CUT,Paul Peterson,-5,0,2,0,0,70,67,,,0,0,0,0,10/4/2026 18:05,Bank of Utah Championship,39
CUT,Lucas Glover,-5,0,2,0,0,72,65,,,0,0,0,0,10/4/2026 18:05,Bank of Utah Championship,39
T68,Marco Penge,-5,1,4,18,2,68,67,71,73,0,0,0,100,10/4/2026 18:05,Bank of Utah Championship,39
T68,Brendon Todd,-5,1,4,18,-1,69,67,73,70,0,0,0,100,10/4/2026 18:05,Bank of Utah Championship,39
CUT,Tyler Duncan,-5,0,2,0,0,67,70,,,0,0,0,0,10/4/2026 18:05,Bank of Utah Championship,39
CUT,Cam Davis,-5,0,2,0,0,67,70,,,0,0,0,0,10/4/2026 18:05,Bank of Utah Championship,39
CUT,Max Greyserman,-5,0,2,0,0,70,67,,,0,0,0,0,10/4/2026 18:05,Bank of Utah Championship,39
CUT,Jeffrey Kang,-5,0,2,0,0,69,68,,,0,0,0,0,10/4/2026 18:05,Bank of Utah Championship,39
T68,Haotong Li,-5,1,4,18,0,66,68,74,71,0,0,0,100,10/4/2026 18:05,Bank of Utah Championship,39
CUT,Nick Hardy,-5,0,2,0,0,69,68,,,0,0,0,0,10/4/2026 18:05,Bank of Utah Championship,39
CUT,Hank Lebioda,-5,0,2,0,0,67,70,,,0,0,0,0,10/4/2026 18:05,Bank of Utah Championship,39
CUT,Kensei Hirata,-4,0,2,0,0,70,68,,,0,0,0,0,10/4/2026 18:05,Bank of Utah Championship,39
CUT,Joe Highsmith,-4,0,2,0,0,73,65,,,0,0,0,0,10/4/2026 18:05,Bank of Utah Championship,39
CUT,Tony Finau,-4,0,2,0,0,70,68,,,0,0,0,0,10/4/2026 18:05,Bank of Utah Championship,39
CUT,Pierceson Coody,-4,0,2,0,0,67,71,,,0,0,0,0,10/4/2026 18:05,Bank of Utah Championship,39
CUT,Christo Lamprecht,-4,0,2,0,0,72,66,,,0,0,0,0,10/4/2026 18:05,Bank of Utah Championship,39
CUT,Denny McCarthy,-4,0,2,0,0,68,70,,,0,0,0,0,10/4/2026 18:05,Bank of Utah Championship,39
CUT,Hayden Springer,-4,0,2,0,0,68,70,,,0,0,0,0,10/4/2026 18:05,Bank of Utah Championship,39
CUT,David Skinns,-3,0,2,0,0,68,71,,,0,0,0,0,10/4/2026 18:05,Bank of Utah Championship,39
CUT,Tom Hoge,-3,0,2,0,0,69,70,,,0,0,0,0,10/4/2026 18:05,Bank of Utah Championship,39
CUT,Ben Martin,-3,0,2,0,0,70,69,,,0,0,0,0,10/4/2026 18:05,Bank of Utah Championship,39
CUT,Peter Malnati,-3,0,2,0,0,74,65,,,0,0,0,0,10/4/2026 18:05,Bank of Utah Championship,39
CUT,Aaron Wise,-3,0,2,0,0,73,66,,,0,0,0,0,10/4/2026 18:05,Bank of Utah Championship,39
CUT,Adam Schenk,-3,0,2,0,0,74,65,,,0,0,0,0,10/4/2026 18:05,Bank of Utah Championship,39
CUT,Jimmy Stanger,-3,0,2,0,0,72,67,,,0,0,0,0,10/4/2026 18:05,Bank of Utah Championship,39
CUT,Michael Thompson,-2,0,2,0,0,71,69,,,0,0,0,0,10/4/2026 18:05,Bank of Utah Championship,39
CUT,Garrick Higgo,-2,0,2,0,0,64,76,,,0,0,0,0,10/4/2026 18:05,Bank of Utah Championship,39
CUT,Mac Meissner,-2,0,2,0,0,70,70,,,0,0,0,0,10/4/2026 18:05,Bank of Utah Championship,39
CUT,Rafael Campos,-2,0,2,0,0,68,72,,,0,0,0,0,10/4/2026 18:05,Bank of Utah Championship,39
CUT,Will Gordon,-2,0,2,0,0,70,70,,,0,0,0,0,10/4/2026 18:05,Bank of Utah Championship,39
CUT,Aldrich Potgieter,-2,0,2,0,0,71,69,,,0,0,0,0,10/4/2026 18:05,Bank of Utah Championship,39
CUT,Andrew Putnam,-2,0,2,0,0,71,69,,,0,0,0,0,10/4/2026 18:05,Bank of Utah Championship,39
CUT,Marcelo Rozo,-1,0,2,0,0,74,67,,,0,0,0,0,10/4/2026 18:05,Bank of Utah Championship,39
CUT,Mackenzie Hughes,-1,0,2,0,0,70,71,,,0,0,0,0,10/4/2026 18:05,Bank of Utah Championship,39
CUT,Isaiah Salinda,-1,0,2,0,0,73,68,,,0,0,0,0,10/4/2026 18:05,Bank of Utah Championship,39
CUT,Chandler Phillips,-1,0,2,0,0,71,70,,,0,0,0,0,10/4/2026 18:05,Bank of Utah Championship,39
WD,Vince Whaley,0,0,2,0,0,75,,,,0,0,0,0,10/4/2026 18:05,Bank of Utah Championship,39
CUT,Bowen Mauss,0,0,2,0,0,70,72,,,0,0,0,0,10/4/2026 18:05,Bank of Utah Championship,39
CUT,Pontus Nyholm,0,0,2,0,0,68,74,,,0,0,0,0,10/4/2026 18:05,Bank of Utah Championship,39
CUT,Carson Lundell,0,0,2,0,0,70,72,,,0,0,0,0,10/4/2026 18:05,Bank of Utah Championship,39
WD,Rasmus Neergaard-Petersen,0,0,1,0,0,,,,,0,0,0,0,10/4/2026 18:05,Bank of Utah Championship,39
CUT,Zach J. Johnson,1,0,2,0,0,70,73,,,0,0,0,0,10/4/2026 18:05,Bank of Utah Championship,39
CUT,Rhett Rasmussen,2,0,2,0,0,72,72,,,0,0,0,0,10/4/2026 18:05,Bank of Utah Championship,39
CUT,Tyson Shelley,3,0,2,0,0,66,79,,,0,0,0,0,10/4/2026 18:05,Bank of Utah Championship,39
CUT,Davis Chatfield,3,0,2,0,0,74,71,,,0,0,0,0,10/4/2026 18:05,Bank of Utah Championship,39
CUT,Boston Bracken,3,0,2,0,0,69,76,,,0,0,0,0,10/4/2026 18:05,Bank of Utah Championship,39
CUT,Rasmus Hojgaard,3,0,2,0,0,72,73,,,0,0,0,0,10/4/2026 18:05,Bank of Utah Championship,39
CUT,David Lingmerth,4,0,2,0,0,71,75,,,0,0,0,0,10/4/2026 18:05,Bank of Utah Championship,39
CUT,Seonghyeon An,4,0,2,0,0,76,70,,,0,0,0,0,10/4/2026 18:05,Bank of Utah Championship,39
CUT,Matt Snyder,8,0,2,0,0,74,76,,,0,0,0,0,10/4/2026 18:05,Bank of Utah Championship,39
