player_name,dg_id,site_name_id_dk,event_name,proj_ownership_dk,proj_points_total_dk,salary_dk,early_late_wave_dk,value_dk,dg_sg_skill_estimate,owgr_rank,datagolf_sg_final_adjusted_pred,datagolf_total_course_history_adjustment,datagolf_std_deviation,dg_pred_sg_total,dg_pred_sg_putt,dg_pred_sg_ott,dg_pred_sg_arg,dg_pred_sg_app,dg_pred_driving_dist_yrds,dg_pred_driving_acc_pct,dg_pred_sg_total_rank,dg_pred_sg_putt_rank,dg_pred_sg_ott_rank,dg_pred_sg_arg_rank,dg_pred_sg_app_rank,dg_pred_driving_dist_rank,dg_pred_driving_acc_rank,50_100_fw_proximity_per_shot,50_100_fw_sg_per_shot,100_150_fw_proximity_per_shot,100_150_fw_sg_per_shot,150_200_fw_proximity_per_shot,150_200_fw_sg_per_shot,over_200_fw_proximity_per_shot,over_200_fw_sg_per_shot,under_150_rgh_proximity_per_shot,under_150_rgh_sg_per_shot,dg_pred_win_pct,dg_pred_top_5_pct,dg_pred_top_10_pct,dg_pred_top_20_pct,dg_pred_make_cut_pct,Position,player_first_last,tourney_num
"Schauffele, Xander",19895,Xander Schauffele (41749951),Farmers Insurance Open,21.32,73.91,10500,1,1,1.613914151,6,1.7960158,0.076659534,2.80416593,1.807,0.197,0.616,0.171,0.823,12.163,-0.01,3,65,12,37,3,27,243,14.932,0.062,20.678,0.011,27.132,0.044,39.32,0.037,36.458,0.03,0.065116667,0.205773878,0.317588826,0.467866063,0.77245,G,Xander Schauffele,3
"Aberg, Ludvig",23950,Ludvig Aberg (41749952),Farmers Insurance Open,16.69,68.11,10400,1,0.54,1.264136993,19,1.466042583,0.020398076,2.810729949,1.275,0.302,0.517,0.053,0.404,11.647,0.002,14,33,21,107,28,28,194,17.807,-0.027,20.357,0.007,27.473,0.046,39.109,0.02,40.717,-0.043,0.037316667,0.143137834,0.240621432,0.386228878,0.737366667,G,Ludvig Aberg,3
"Cantlay, Patrick",15466,Patrick Cantlay (41749953),Farmers Insurance Open,14.63,65.85,10100,0,0.46,1.321335059,26,1.387558532,0.001329089,2.728318311,1.288,0.176,0.347,0.13,0.634,6.913,-0.007,13,73,55,60,11,65,234,15.143,0.057,18.812,0.047,28.297,0.061,43.853,-0.014,36.783,0.005,0.031316667,0.125179934,0.217589957,0.361376212,0.72845,G,Patrick Cantlay,3
"Young, Cameron",26651,Cameron Young (41749954),Farmers Insurance Open,21.65,67.7,10000,0,0.64,1.360348894,20,1.426558851,0.002852563,2.829104109,1.494,0.502,0.489,0.147,0.357,12.437,-0.028,9,7,25,53,40,23,311,18.131,-0.031,20.602,0.034,29.297,0.006,49.282,-0.053,37.701,0.014,0.037966667,0.139916104,0.234985055,0.378084577,0.728116667,G,Cameron Young,3
"Day, Jason",9771,Jason Day (41749955),Farmers Insurance Open,20.88,60.63,9600,0,0.18,1.032256764,33,1.068539488,0.151853863,2.730960058,0.893,0.414,0.036,0.352,0.092,-1.655,0.01,35,12,146,5,108,231,146,12.729,0.081,19.434,0.039,33.575,-0.028,52.786,-0.003,36.708,0.017,0.01735,0.083352641,0.157829345,0.284948037,0.67015,G,Jason Day,3
"Kim, Si Woo",14609,Si Woo Kim (41749956),Farmers Insurance Open,11.5,65.14,9500,1,0.6,1.240275207,37,1.405599731,0.078198897,2.693106737,1.437,-0.257,0.689,0.215,0.79,-1.825,0.099,10,364,6,24,5,235,4,17.056,-0.032,21.788,0.027,27.148,0.058,40.468,0.067,37.158,0,0.029266667,0.12383201,0.219693074,0.368274596,0.731366667,G,Si Woo Kim,3
"Spaun, J.J.",17536,J.J. Spaun (41749957),Farmers Insurance Open,14.03,65.75,9400,1,0.68,1.490319753,7,1.393045751,0.094673645,2.71554501,1.411,0.066,0.488,0.159,0.698,2.281,0.04,11,141,26,46,9,134,67,15.012,0.071,20.24,0.039,29.178,0.034,42.395,0.049,34.16,0.034,0.027583333,0.121080893,0.213856332,0.357188127,0.721783333,G,J.J. Spaun,3
"Matsuyama, Hideki",13562,Hideki Matsuyama (41749958),Farmers Insurance Open,18.99,63.71,9300,0,0.54,1.2594863,16,1.213326081,0.15423472,2.757913987,1.137,0.081,0.003,0.426,0.627,-0.085,0.002,20,133,162,2,12,191,197,15.149,0.05,20.31,0.023,26.623,0.06,39.192,0.06,38.45,-0.047,0.021933333,0.100990769,0.181675305,0.314567416,0.691033333,G,Hideki Matsuyama,3
"Bradley, Keegan",13872,Keegan Bradley (41749959),Farmers Insurance Open,9.31,59.83,9200,0,0.25,1.113878152,15,1.014478012,0.169020565,2.736241397,0.926,0.106,0.278,0.263,0.278,4.59,0.015,32,116,71,16,60,98,127,17.961,-0.015,19.413,0.033,27.996,0.036,44.392,0.02,35.805,0.011,0.0159,0.076730324,0.144985705,0.265276712,0.653766667,G,Keegan Bradley,3
"English, Harris",14577,Harris English (41749960),Farmers Insurance Open,11.52,63.07,9100,1,0.56,1.148367583,11,1.212153902,0.134819397,2.696659343,1.061,0.411,0.297,0.204,0.149,1.637,0.035,26,13,67,26,95,152,77,15.416,0.029,23.251,-0.034,29.567,0.028,46.373,-0.017,39.583,-0.036,0.02155,0.095449716,0.17620229,0.312874074,0.695033333,G,Harris English,3
"Gotterup, Chris",27774,Chris Gotterup (41749961),Farmers Insurance Open,19.85,65.28,9000,0,0.78,0.921150265,17,1.255371158,-0.005312713,2.844902746,1.101,0.259,0.617,0.059,0.166,15.645,-0.032,25,45,11,101,91,10,322,19.344,-0.03,22.853,-0.006,31.03,0.006,47.45,-0.015,42.047,-0.001,0.027783333,0.111087262,0.194586041,0.325630336,0.6955,G,Chris Gotterup,3
"McNealy, Maverick",18634,Maverick McNealy (41749962),Farmers Insurance Open,17.9,63.58,8900,1,0.67,1.056513903,22,1.226175004,0.116695786,2.783197472,1.14,0.368,0.258,0.124,0.39,5.823,0.003,19,21,77,62,33,82,184,16.414,0.01,20.248,0.03,30.152,0.029,47.664,0.006,40.165,0.003,0.024416667,0.104201118,0.185263003,0.322475528,0.691533333,G,Maverick McNealy,3
"Zalatoris, Will",19428,Will Zalatoris (41749963),Farmers Insurance Open,13.37,59.37,8800,1,0.35,0.491741774,211,0.916115703,0.077830799,2.790066926,0.792,-0.187,0.337,0.059,0.583,4.056,0.009,48,319,57,103,19,109,155,17.736,-0.025,20.771,0.019,28.24,0.088,47.209,0.016,34.19,0.029,0.016216667,0.07476843,0.139548188,0.254395555,0.640966667,G,Will Zalatoris,3
"Pendrith, Taylor",17780,Taylor Pendrith (41749964),Farmers Insurance Open,17.5,62.81,8700,1,0.67,0.938671514,48,1.174852002,0.04413802,2.759737586,0.986,0.237,0.401,0.083,0.265,11.528,-0.024,28,49,43,83,68,31,295,19.401,-0.037,22.442,0.003,30.065,0.033,47.241,-0.016,38.683,0.021,0.02265,0.100322993,0.179786613,0.312410663,0.694116667,G,Taylor Pendrith,3
"Gerard, Ryan",29767,Ryan Gerard (41749965),Farmers Insurance Open,18.19,61.92,8600,0,0.63,0.94598424,24,1.155688263,-0.011311841,2.740596232,1.182,-0.161,0.466,0.171,0.706,1.294,0.043,18,303,27,35,8,160,61,17.415,-0.022,22.44,-0.008,30.498,0.016,37.301,0.085,35.024,0.058,0.020733333,0.091617937,0.168584335,0.300205756,0.685933333,G,Ryan Gerard,3
"Clark, Wyndham",23604,Wyndham Clark (41749966),Farmers Insurance Open,13.8,60.56,8500,1,0.55,0.580129653,49,0.94820212,0.041166282,2.849944378,0.701,0.311,0.005,0.293,0.092,8.677,-0.049,59,31,161,10,109,47,378,16.742,0.016,21.548,0.017,29.603,0.014,46.733,-0.001,35.26,0.034,0.01755,0.079094927,0.145828138,0.261342883,0.648016667,G,Wyndham Clark,3
"Noren, Alex",10419,Alex Noren (41749967),Farmers Insurance Open,6.33,57.05,8400,0,0.29,1.137702259,13,0.851586217,0.019374019,2.69289805,0.888,0.479,-0.061,0.161,0.309,-5.974,0.03,36,9,193,44,54,334,91,20.491,-0.094,21.659,-0.002,29.743,0.024,42.942,0.018,42.228,-0.034,0.011616667,0.061325013,0.121676754,0.235897793,0.633516667,G,Alex Noren,3
"Homa, Max",17538,Max Homa (41749968),Farmers Insurance Open,14.33,54.03,8300,1,0.07,0.407718166,144,0.597899028,0.074247482,2.78036284,0.48,0.188,0.081,0.009,0.202,1.105,0.002,79,68,131,152,79,167,196,18.07,-0.005,20.576,0.012,31.117,-0.024,44.617,0.015,38.87,-0.023,0.008233333,0.045201396,0.093241072,0.188247381,0.581816667,G,Max Homa,3
"Knapp, Jake",19396,Jake Knapp (41749969),Farmers Insurance Open,18.85,61.18,8200,1,0.7,0.601450483,96,0.987939808,0.068332979,2.864728953,0.843,0.341,0.524,-0.009,-0.014,12.387,-0.024,43,25,20,181,153,24,296,20.23,-0.008,21.569,0.025,32.715,-0.049,43.547,0.011,34.63,0.063,0.019183333,0.083780403,0.153539011,0.271199143,0.6525,G,Jake Knapp,3
"Scott, Adam",6430,Adam Scott (41749970),Farmers Insurance Open,9.62,60.22,8100,0,0.66,0.752920966,67,1.027280663,0.077607216,2.743130924,0.865,-0.124,0.458,0.041,0.49,7.359,0.002,39,275,28,118,21,56,191,14.201,0.098,21.089,-0.012,31.438,-0.013,43.54,0.017,34.931,0.048,0.017233333,0.07901119,0.146569294,0.268350453,0.6576,G,Adam Scott,3
"Koepka, Brooks",16243,Brooks Koepka (41749971),Farmers Insurance Open,10.64,46.52,8000,1,-0.19,-0.062496346,255,-0.105000253,0.001729475,2.852300818,-0.058,-0.137,0.151,-0.067,-0.005,5.181,-0.025,154,282,98,230,148,89,301,16.36,-0.062,,,30.052,0.02,46.217,0.121,,,0.002983333,0.020203552,0.044682131,0.099274255,0.452333333,G,Brooks Koepka,3
"Hojgaard, Rasmus",23838,Rasmus Hojgaard (41749972),Farmers Insurance Open,11.14,60.86,7900,1,0.78,0.902029934,43,0.961652453,-0.065118077,2.855661092,0.847,0.444,0.351,-0.044,0.096,13.258,-0.025,41,10,54,208,106,18,298,20.502,-0.083,22.191,0.007,31.4,-0.017,44.42,0.013,39.211,0.019,0.0188,0.083839954,0.153160787,0.270471823,0.66005,G,Rasmus Hojgaard,3
"McCarty, Matt",28635,Matthew McCarty (41749974),Farmers Insurance Open,6.14,56.9,7800,0,0.48,0.901082005,34,0.796309976,-0.027067073,2.723940466,0.854,0.291,0.259,0.035,0.269,-2.324,0.041,40,37,76,125,65,247,65,15.855,0.04,22.535,-0.009,28.932,0.026,45.219,-0.03,35.414,0.049,0.010816667,0.056983009,0.114867072,0.220750362,0.621416667,G,Matthew McCarty,3
"Stevens, Sam",25569,Sam Stevens (41749973),Farmers Insurance Open,17.4,59.01,7800,0,0.65,0.582772389,40,0.979407332,0.075058863,2.720435255,0.82,0.115,0.386,0.182,0.137,6.104,0.004,45,114,45,31,100,75,181,18.034,0,22.134,-0.014,31.677,-0.01,46.746,-0.014,38.53,-0.056,0.014833333,0.072555648,0.138890905,0.259832349,0.660383333,G,Sam Stevens,3
"Penge, Marco",22465,Marco Penge (41749976),Farmers Insurance Open,10.31,56.1,7700,0,0.44,0.53661849,30,0.625230733,-0.043006607,2.868895217,0.797,-0.087,0.858,-0.207,0.234,19.914,-0.032,47,252,4,365,72,3,321,17.773,-0.045,,,,,39.24,0.095,31.513,0.054,0.010866667,0.054376263,0.104390761,0.200374802,0.5877,G,Marco Penge,3
"Rai, Aaron",18554,Aaron Rai (41749975),Farmers Insurance Open,4.38,51,7700,1,0.01,0.777926271,25,0.50807842,0.032247327,2.628733305,0.788,-0.138,0.145,0.138,0.642,-11.285,0.11,49,286,102,57,10,402,1,15.247,0.034,20.078,0.031,28.958,0.036,43.705,0.036,39.834,-0.017,0.004583333,0.03203541,0.071791632,0.15849939,0.562416667,G,Aaron Rai,3
"Thorbjornsen, Michael",26649,Michael Thorbjornsen (41749977),Farmers Insurance Open,10.01,59.6,7600,1,0.77,0.593718409,74,0.936259022,-0.033171186,2.814912136,0.877,0.065,0.64,-0.074,0.246,11.565,0.013,38,142,8,236,70,29,133,17.819,-0.001,23.982,-0.028,31.066,-0.009,40.761,0.042,39.478,0.015,0.017,0.078014916,0.144710597,0.262786817,0.653416667,G,Michael Thorbjornsen,3
"Higgo, Garrick",24342,Garrick Higgo (41749978),Farmers Insurance Open,8.93,59.86,7600,1,0.79,0.747338898,64,0.885592552,-0.000996212,2.83373,0.966,0.396,0.333,0.078,0.16,9.691,-0.04,31,16,58,87,92,38,340,18.192,-0.043,22.341,-0.02,31.746,0.031,42.567,-0.023,38.88,-0.024,0.016166667,0.074283526,0.13877451,0.251797063,0.6382,G,Garrick Higgo,3
"Rose, Justin",6093,Justin Rose (41749979),Farmers Insurance Open,9.07,58.72,7500,0,0.73,0.748732218,10,0.850971697,0.09522845,2.812206313,0.701,0.08,0.197,0.033,0.389,2.087,0.007,60,134,89,128,34,143,169,15.518,0.065,19.021,0.036,28.578,0.025,50.96,0.013,38.746,0.022,0.014266667,0.069149153,0.13073132,0.241023494,0.630683333,G,Justin Rose,3
"Hojgaard, Nicolai",23602,Nicolai Hojgaard (41749981),Farmers Insurance Open,15.39,58.89,7500,1,0.75,0.539068071,70,0.867962302,-0.008646391,2.839988131,0.666,0.029,0.383,-0.125,0.38,15.949,-0.044,64,164,47,289,37,8,357,15.267,0.068,21.837,-0.027,30.335,0.031,39.746,0.06,37.449,0.024,0.016366667,0.07235127,0.1352464,0.247130182,0.637483333,G,Nicolai Hojgaard,3
"McCarthy, Denny",19870,Denny McCarthy (41749980),Farmers Insurance Open,4.33,52.16,7500,1,0.18,0.769031849,76,0.510966352,0.00880067,2.690306109,0.514,0.524,-0.197,0.044,0.143,-5.198,0.013,75,5,251,117,98,322,135,18.226,-0.009,21.141,-0.005,31.344,0.021,46.299,0.021,33.366,0.04,0.0057,0.036992884,0.078793987,0.1663367,0.5775,G,Denny McCarthy,3
"Bhatia, Akshay",26096,Akshay Bhatia (41749986),Farmers Insurance Open,6.6,53.16,7400,0,0.3,0.553804358,59,0.567946621,0.045893291,2.756280292,0.49,0.131,0.009,-0.061,0.411,1.286,-0.005,78,101,159,224,26,161,227,17.082,-0.017,20.382,0.038,28.321,0.041,41.616,0.051,37.213,0.012,0.00685,0.040313202,0.084864535,0.176684613,0.576183333,G,Akshay Bhatia,3
"Greyserman, Max",23465,Max Greyserman (41749982),Farmers Insurance Open,6.05,56.63,7400,1,0.59,0.610936026,36,0.70850214,-0.005110328,2.812369903,0.554,0.296,-0.017,0.179,0.096,7.302,-0.046,72,34,174,33,105,58,372,17.44,-0.024,22.162,-0.004,32.438,0.007,46.163,-0.001,38.273,-0.011,0.010466667,0.054130637,0.10922436,0.211356861,0.61485,G,Max Greyserman,3
"Theegala, Sahith",23014,Sahith Theegala (41749985),Farmers Insurance Open,8.98,55.01,7400,1,0.45,0.270561817,109,0.6482309,0.068891864,2.793738672,0.476,0.134,0.001,0.145,0.197,4.39,-0.024,80,99,164,54,83,101,294,17.055,0.02,21.79,-0.003,30.425,-0.007,44.167,0.011,35.492,-0.03,0.009833333,0.051282296,0.10346943,0.201717926,0.594166667,G,Sahith Theegala,3
"Coody, Pierceson",28309,Pierceson Coody (41749983),Farmers Insurance Open,9.44,58.01,7400,0,0.71,0.548736193,86,0.882415553,-0.019371584,2.777474944,0.742,0.036,0.577,-0.004,0.134,12.928,-0.017,52,158,15,177,101,20,260,17.064,0.053,23.406,-0.007,31.974,0,46.099,0,42.956,-0.03,0.01205,0.063521958,0.125403582,0.235755441,0.625366667,G,Pierceson Coody,3
"Neergaard-Petersen, Rasmus",23841,Rasmus Neergaard-Petersen (41749984),Farmers Insurance Open,5.83,55.18,7400,1,0.47,0.631963127,53,0.656781764,-0.043006607,2.772924726,0.718,-0.104,0.408,-0.031,0.445,4.598,0.027,57,263,41,198,24,97,100,18.09,-0.044,,,28.472,0.063,39.317,0.056,37.878,0.048,0.008766667,0.048277434,0.098902977,0.195471789,0.58925,G,Rasmus Neergaard-Petersen,3
"Reitan, Kristoffer",21407,Kristoffer Reitan (41749993),Farmers Insurance Open,2.59,51.23,7300,0,0.17,0.413814682,39,0.357745206,-0.043006607,2.817625238,0.518,0.314,0.545,-0.278,-0.062,9.895,-0.004,74,30,17,406,173,37,225,18.297,-0.041,,,29.48,0.016,45.06,-0.071,35.362,0.012,0.0052,0.030947103,0.067417034,0.14468418,0.53245,G,Kristoffer Reitan,3
"Bezuidenhout, Christiaan",18103,Christiaan Bezuidenhout (41749988),Farmers Insurance Open,2.87,53.02,7300,0,0.32,0.839964827,83,0.654231376,0.020316385,2.653150637,0.743,0.29,-0.216,0.284,0.385,-11.717,0.047,51,38,261,15,35,404,54,14.717,0.056,22.157,0.006,30.938,0.025,48.439,-0.004,39.52,-0.049,0.007066667,0.042956291,0.091225075,0.190396369,0.604133333,G,Christiaan Bezuidenhout,3
"Yu, Kevin",17881,Kevin Yu (41749989),Farmers Insurance Open,3.47,53.68,7300,1,0.37,0.414784685,97,0.608246498,0.025781801,2.742527436,0.505,0.086,0.413,-0.07,0.076,7.974,0.004,77,129,39,233,115,52,177,17.851,-0.012,21.814,0.018,29.316,0.023,41.849,0.047,41.734,-0.044,0.0082,0.045148948,0.092625948,0.18671796,0.587833333,G,Kevin Yu,3
"Mitchell, Keith",17365,Keith Mitchell (41749992),Farmers Insurance Open,3.19,54.47,7300,0,0.44,0.339592218,134,0.586295028,-0.031664022,2.802967639,0.512,-0.137,0.601,-0.136,0.184,10.217,0.003,76,283,14,298,87,36,185,17.904,-0.017,22.712,0.014,32.09,-0.006,41.828,0.043,38.138,0.003,0.0095,0.046951495,0.095075704,0.191195129,0.588083333,G,Keith Mitchell,3
"Li, Haotong",15310,Hao-Tong Li (41749991),Farmers Insurance Open,6.92,52.35,7300,1,0.26,0.425315206,69,0.466147251,-0.043006607,2.807340465,0.451,-0.029,0.354,-0.192,0.318,7.342,-0.001,85,208,53,354,50,57,208,16.371,0.085,19.102,0.015,30.448,0.044,42.042,-0.02,40.108,0.064,0.0062,0.037801448,0.079207661,0.161868393,0.5492,G,Hao-Tong Li,3
"Olesen, Thorbjorn",13412,Thorbjorn Olesen (41749987),Farmers Insurance Open,3.98,55.39,7300,0,0.52,0.768249643,92,0.7207902,-0.043006607,2.695495575,0.725,0.15,0.222,0.067,0.287,1.691,0.009,55,89,86,95,58,150,153,16.426,0.021,23.262,0.002,32.437,-0.01,44.328,0.018,36.378,0.013,0.009,0.049126905,0.101625029,0.206915374,0.618133333,G,Thorbjorn Olesen,3
"Hoey, Rico",23504,Rico Hoey (41749990),Farmers Insurance Open,2.74,54.78,7300,1,0.47,0.521663119,73,0.617377801,-0.038548673,2.804887193,0.694,-0.452,0.637,-0.113,0.622,5.486,0.04,61,429,9,277,14,84,68,18.534,-0.017,23.371,-0.006,28.438,0.059,41.637,0.041,36.942,0.036,0.009716667,0.050435509,0.09994578,0.19634117,0.591333333,G,Rico Hoey,3
"Ghim, Doug",24550,Doug Ghim (41749999),Farmers Insurance Open,1.05,50.12,7200,1,0.11,0.185301355,153,0.38102988,0.066756012,2.719002742,0.332,-0.373,0.332,0.061,0.313,1.145,0.029,92,417,59,100,53,165,93,14.767,0.073,21.364,0.01,31.191,0.017,43.267,0.006,38.638,0.022,0.00505,0.030917566,0.068139541,0.147763991,0.547883333,G,Doug Ghim,3
"Novak, Andrew",23475,Andrew Novak (41749996),Farmers Insurance Open,6.16,50.98,7200,0,0.18,0.308665161,38,0.39810337,0.054040052,2.772070145,0.32,0.195,-0.091,0.104,0.112,-1.387,-0.01,96,66,206,71,103,223,240,16.078,0.033,21.756,-0.004,29.611,0.011,43.11,-0.012,40.914,-0.049,0.005833333,0.032742866,0.072311878,0.15156963,0.544116667,G,Andrew Novak,3
"Cole, Eric",21756,Eric Cole (41750001),Farmers Insurance Open,0.98,49.19,7200,1,0.03,0.327503135,113,0.272858077,-0.027750104,2.753950463,0.24,0.295,-0.46,0.186,0.219,-2.867,-0.033,102,35,352,30,76,263,326,15.775,0.062,20.014,0.037,29.161,0.03,46.652,-0.024,35.274,0.035,0.004133333,0.027476012,0.059628584,0.131344627,0.529916667,G,Eric Cole,3
"Smith, Jordan",18586,Jordan L. Smith (41749998),Farmers Insurance Open,1.01,51.8,7200,0,0.25,0.396230445,91,0.417533477,-0.034896223,2.753379724,0.465,-0.05,0.31,-0.061,0.267,2.912,0.029,82,229,63,227,66,124,95,14.294,0.064,22.942,-0.017,32.865,-0.004,45.68,-0.03,34.774,0.113,0.005066667,0.031516104,0.068599459,0.147707263,0.538866667,G,Jordan L. Smith,3
"Thompson, Davis",27364,Davis Thompson (41749995),Farmers Insurance Open,4.96,57.46,7200,0,0.73,0.496415668,102,0.844489871,-0.013963083,2.742727107,0.843,-0.041,0.456,0.1,0.329,4.309,0.029,42,219,29,73,47,102,94,16.784,0.025,20.522,0.039,27.833,0.042,47.001,-0.036,39.329,-0.048,0.011966667,0.061580926,0.121302993,0.232381273,0.632533333,G,Davis Thompson,3
"Rodgers, Patrick",16283,Patrick Rodgers (41749994),Farmers Insurance Open,10.77,59.35,7200,0,0.89,0.458333808,85,0.944100251,0.138857681,2.761548041,0.678,0.028,0.327,0.108,0.215,8.145,-0.021,63,165,60,68,78,49,279,18.794,-0.041,22.924,-0.015,29.943,0.026,46.53,-0.026,38.924,-0.023,0.0147,0.071649188,0.140814156,0.257284424,0.650883333,G,Patrick Rodgers,3
"Whaley, Vince",25908,Vince Whaley (41750000),Farmers Insurance Open,1.59,52.53,7200,0,0.31,0.461232552,105,0.535573826,-0.031593163,2.704578062,0.459,0.331,-0.145,0.239,0.033,2.873,-0.045,83,26,229,20,131,125,365,17.738,0.027,22.933,-0.009,32.09,-0.011,46.454,0.004,38.864,0.011,0.006,0.036901131,0.07897841,0.169466665,0.58455,G,Vince Whaley,3
"Wallace, Matt",20706,Matt Wallace (41750006),Farmers Insurance Open,0.89,50.55,7100,1,0.18,0.354339774,78,0.390548587,-0.042763561,2.741899616,0.422,0.069,-0.074,0.203,0.224,-1.14,0.001,86,140,199,27,74,213,198,14.644,0.084,22.585,0.008,32.351,0.006,49.629,-0.072,39.457,0.006,0.0052,0.02923162,0.065896867,0.145636222,0.5438,G,Matt Wallace,3
"Svensson, Jesper",26850,Jesper Svensson (41750009),Farmers Insurance Open,1.01,50.28,7100,0,0.16,-0.196346874,151,0.207025363,-0.030045821,2.868611445,0.087,-0.336,0.516,-0.107,0.014,13.884,-0.023,126,399,22,268,139,15,290,15.255,0.061,23.29,-0.024,33.867,-0.05,46.658,-0.004,36.308,0.048,0.004783333,0.026730258,0.058552741,0.126681628,0.50125,G,Jesper Svensson,3
"Smalley, Alex",18474,Alex Smalley (41750003),Farmers Insurance Open,3.37,54.32,7100,0,0.5,0.333588521,123,0.590307602,-0.024910515,2.789415188,0.562,-0.029,0.424,0.008,0.16,5.955,0.023,70,209,37,156,93,80,115,18.126,-0.045,21.626,-0.01,30.711,-0.009,42.215,0.045,38.966,-0.032,0.008766667,0.046191902,0.093734065,0.189185289,0.589933333,G,Alex Smalley,3
"Meissner, Mac",28159,Mac Meissner (41750007),Farmers Insurance Open,3.07,54.3,7100,1,0.49,0.462981085,101,0.670706503,-0.020146195,2.698656216,0.655,0.022,0.15,0.101,0.382,1.856,0.01,65,172,99,72,36,149,148,18.06,-0.017,20.96,0.028,30.653,0.016,43.006,0.025,36.258,0.013,0.008766667,0.047273796,0.09794964,0.1974684,0.609616667,G,Mac Meissner,3
"Hodges, Lee",25157,Lee Hodges (41750008),Farmers Insurance Open,2.33,47.73,7100,1,-0.02,0.270463444,129,0.166305266,0.001342186,2.707853427,0.207,0.061,-0.04,-0.003,0.189,-3.637,0.025,105,144,182,174,85,281,109,17.631,-0.007,21.826,0.009,29.863,0.033,42.571,0.074,35.968,0.032,0.0033,0.021279691,0.050042835,0.116764987,0.504266667,G,Lee Hodges,3
"McGreevy, Max",23505,Max McGreevy (41750005),Farmers Insurance Open,1.98,53.09,7100,1,0.39,0.559996974,66,0.599743487,-0.036803307,2.714267501,0.712,-0.045,0.501,-0.016,0.272,-2.378,0.071,58,223,23,188,64,248,21,18.166,0.069,21.078,0.014,32.287,-0.027,42.267,0.021,37.281,-0.016,0.0074,0.042914101,0.090546376,0.186836921,0.59015,G,Max McGreevy,3
"Parry, John",13764,John Parry (41750002),Farmers Insurance Open,0.69,50.44,7100,0,0.17,0.605804224,81,0.426976572,-0.043006607,2.64769385,0.552,-0.032,0.261,0.003,0.32,-3.964,0.034,73,214,75,164,48,286,78,14.47,0.069,22.05,-0.004,32.985,0.022,44.976,-0.017,32.301,0.017,0.003916667,0.027240873,0.062739963,0.141001795,0.541466667,G,John Parry,3
"Horschel, Billy",11276,Billy Horschel (41750004),Farmers Insurance Open,2.08,47.71,7100,0,-0.03,0.314255692,58,0.172182331,0.108831961,2.741275356,0.023,0.17,-0.31,0.096,0.067,-3.023,-0.02,138,79,301,76,120,267,273,16.964,0.013,21.435,0.006,30.024,0.052,49.236,-0.017,33.729,0.08,0.003366667,0.022875829,0.052087005,0.117233188,0.499983333,G,Billy Horschel,3
"Brennan, Michael",29197,Michael Brennan (41750013),Farmers Insurance Open,4.12,53.7,7000,1,0.48,0.310657061,35,0.536885204,-0.043006607,2.839560278,,,,,,,,,,,,,,,11.803,0.179,22.19,-0.013,34.879,-0.076,40.121,0.031,42.027,-0.023,0.00805,0.044596032,0.090184612,0.178662178,0.568833333,G,Michael Brennan,3
"Grillo, Emiliano",12808,Emiliano Grillo (41750016),Farmers Insurance Open,0.08,45.97,7000,0,-0.07,0.244739054,104,0.069695104,0.027422992,2.715692427,0.144,0.039,0.144,-0.186,0.146,-4.659,0.064,115,152,103,351,96,305,31,15.449,0.055,20.691,0.025,30.049,0.025,40.844,0.052,37.615,0.013,0.002233333,0.016796429,0.041114441,0.098004211,0.468366667,G,Emiliano Grillo,3
"Finau, Tony",11676,Tony Finau (41750011),Farmers Insurance Open,6.87,45.8,7000,0,-0.08,-0.173467673,107,-0.027420548,0.16333029,2.804991458,-0.324,-0.102,-0.315,0.18,-0.087,3.353,-0.045,199,262,308,32,183,121,367,18.446,-0.003,20.864,0.012,30.35,0.021,44.81,-0.01,38.843,-0.037,0.00295,0.01910873,0.042373431,0.097150312,0.460316667,G,Tony Finau,3
"Keefer, Johnny",32457,John Keefer (41750010),Farmers Insurance Open,6.05,53.91,7000,1,0.49,0.386000977,51,0.539376929,-0.043006607,2.812548227,,,,,,,,,,,,,,,16.622,0.016,23.737,-0.018,29.146,0.036,40.363,-0.007,37.354,0.041,0.007716667,0.041832072,0.086159262,0.174323053,0.567983333,G,John Keefer,3
"Brown, Dan",20766,Daniel Brown (41750014),Farmers Insurance Open,0.24,45.81,7000,1,-0.08,0.206095626,68,-0.065162101,-0.043006607,2.822908571,0.087,0.13,0.044,-0.173,0.086,-3.506,0.031,127,102,142,342,110,279,86,22.21,-0.082,,,29.625,0.021,43.002,0.047,44.785,-0.131,0.00245,0.016380661,0.038550982,0.092424325,0.441216667,G,Daniel Brown,3
"Kim, S.H.",21688,Seonghyeon Kim (41750015),Farmers Insurance Open,2.81,49.88,7000,0,0.15,0.06727813,146,0.224071549,-0.013699787,2.814923472,0.17,0.373,0.089,0.095,-0.387,2.266,0,112,20,130,77,293,136,204,20.118,-0.031,,,33.443,-0.02,54.541,-0.128,30.31,0.058,0.004483333,0.02751588,0.059237057,0.129788912,0.5197,G,Seonghyeon Kim,3
"Dumont De Chassart, Adrien",22002,Adrien Dumont De Chassart (41750017),Farmers Insurance Open,1.31,51.99,7000,0,0.33,0.226817134,152,0.433851209,-0.029352421,2.793558705,0.326,0.127,0.243,0.001,-0.045,7.178,-0.033,94,103,84,170,168,63,327,16.346,0.003,,,29.503,-0.015,,,37.888,0.051,0.0056,0.034581257,0.074307543,0.156999167,0.552333333,G,Adrien Dumont De Chassart,3
"Power, Seamus",10104,Seamus Power (41750012),Farmers Insurance Open,0.65,48.99,7000,0,0.08,0.316735915,167,0.282914922,-0.015671155,2.713493644,0.326,0.007,0.117,0.011,0.192,-2.806,0.031,93,184,117,150,84,261,84,14.427,0.073,20.851,0.023,33.132,-0.016,43.553,0.016,36.948,0.036,0.0037,0.026300225,0.05934691,0.133473545,0.527,G,Seamus Power,3
"Castillo, Ricky",27819,Ricky Castillo (41750018),Farmers Insurance Open,2.81,52.72,6900,1,0.43,0.21951152,161,0.459766401,-0.012970405,2.793795547,0.365,0.076,0.257,0.059,-0.027,7.214,-0.01,89,137,78,102,161,61,241,19.222,-0.048,23.457,-0.013,34.297,-0.05,44.596,-0.005,31.633,0.083,0.006566667,0.036767943,0.078022562,0.161691613,0.5516,G,Ricky Castillo,3
"Moore, Taylor",21944,Taylor Moore (41750021),Farmers Insurance Open,0.71,47.25,6900,1,-0.01,-0.183560221,180,0.025300255,-0.000407829,2.811613595,-0.097,0.033,-0.046,0.166,-0.249,4.858,-0.034,160,161,186,42,246,93,328,17.711,0.017,24.012,-0.038,33.878,-0.052,46.339,0.011,39.364,-0.001,0.002866667,0.020080041,0.044979829,0.10456119,0.481816667,G,Taylor Moore,3
"Smotherman, Austin",22985,Austin Smotherman (41750025),Farmers Insurance Open,4.36,46.3,6900,0,-0.05,-0.041023679,117,-0.010558378,0.008816096,2.763358212,,,,,,,,,,,,,,,,,,,,,,,,,0.002166667,0.01507088,0.036560117,0.089693909,0.453,G,Austin Smotherman,3
"Kuchar, Matt",6169,Matt Kuchar (41750023),Farmers Insurance Open,0,43.74,6900,1,-0.13,0.492713301,136,-0.030863491,0.022919554,2.616223889,0.122,0.237,-0.314,0.196,0.002,-17.031,0.068,120,50,306,28,142,429,24,17.621,-0.022,19.422,0.072,34.147,-0.045,42.89,0.013,31.869,0.055,0.00135,0.011682368,0.030864387,0.080305391,0.4505,G,Matt Kuchar,3
"Hossler, Beau",15470,Beau Hossler (41750019),Farmers Insurance Open,1.38,48.34,6900,1,0.06,-0.024992501,143,0.172828811,0.079070369,2.796183729,0.025,0.264,-0.223,0.305,-0.322,-0.729,-0.033,137,44,263,8,275,203,325,15.539,0.047,24.496,-0.037,33.389,-0.019,49.785,-0.057,35.486,0.017,0.003833333,0.024001376,0.05459889,0.122863452,0.510216667,G,Beau Hossler,3
"Ventura, Kris",15651,Kris Ventura (41750022),Farmers Insurance Open,1.89,49.94,6900,0,0.19,0.164773145,220,0.282063959,0.0123043,2.802629334,0.208,0.212,0.22,-0.081,-0.143,5.214,0.003,103,56,87,241,201,88,186,20.581,-0.058,22.889,-0.022,30.995,0.01,45.536,-0.016,39.718,-0.037,0.004633333,0.027380862,0.059729957,0.131519534,0.509666667,G,Kris Ventura,3
"Schmid, Matti",20722,Matti Schmid (41750024),Farmers Insurance Open,0.7,48.87,6900,0,0.1,0.093012844,95,0.149411487,-0.008342446,2.853555604,0.035,0.208,0.14,-0.143,-0.17,7.731,-0.032,133,60,106,308,216,54,318,18.36,-0.053,24.92,-0.049,30.513,0.023,41.75,0.031,38.725,-0.003,0.004033333,0.025972725,0.056518716,0.12227444,0.501616667,G,Matti Schmid,3
"Jaeger, Stephan",16394,Stephan Jaeger (41750020),Farmers Insurance Open,1.79,46.78,6900,1,-0.03,0.002484592,121,0.034701052,0.028745994,2.771978892,-0.14,0.22,-0.56,0.25,-0.051,3.419,-0.073,169,54,380,18,169,118,422,15.261,0.094,20.4,0.003,29.785,0.014,44.152,-0.016,38.96,0.008,0.002466667,0.018108459,0.040556947,0.097036812,0.475966667,G,Stephan Jaeger,3
"Kim, Tom",24766,Tom Kim (41750033),Farmers Insurance Open,1.31,47.38,6800,0,0.01,0.119989801,112,0.129934412,-0.031171172,2.755410228,0.185,0.138,-0.133,0.168,0.011,-4.289,0.025,109,97,222,39,141,297,110,16.892,0.047,20.256,0.023,30.978,-0.001,50.384,-0.026,37.666,0.016,0.003383333,0.021296415,0.049934329,0.113207707,0.496766667,G,Tom Kim,3
"Mouw, William",29770,William Mouw (41750028),Farmers Insurance Open,0.5,48.68,6800,1,0.12,0.025505446,128,0.133652422,-0.027000924,2.802345385,0.085,0.05,0.14,-0.069,-0.035,5.099,-0.013,128,148,107,232,164,90,251,20.41,-0.097,23.127,-0.05,31.593,-0.006,44.261,0.048,37.274,0.046,0.003933333,0.023031534,0.052753813,0.117157265,0.493433333,G,William Mouw,3
"Valimaki, Sami",23816,Sami Valimaki (41750029),Farmers Insurance Open,5.13,48.8,6800,0,0.13,0.510919123,44,0.225358321,0.018369606,2.732843464,0.261,0.391,-0.184,-0.122,0.176,-5.145,0.028,99,17,243,287,90,320,96,17.483,-0.003,22.197,0.018,29.413,0.021,41.889,0.047,38.357,0.023,0.00415,0.024034881,0.054292601,0.122896108,0.508233333,G,Sami Valimaki,3
"Hughes, Mackenzie",15556,Mackenzie Hughes (41750031),Farmers Insurance Open,0.55,47.43,6800,0,0.02,-0.008466951,99,0.089910391,0.074547461,2.798202286,-0.054,0.139,-0.244,0.222,-0.171,0.198,-0.033,152,96,273,22,218,184,324,16.999,0.005,22.293,-0.009,33.962,-0.021,48.574,-0.019,39.067,0.017,0.0038,0.022045366,0.049345208,0.111070866,0.49565,G,Mackenzie Hughes,3
"Hoge, Tom",15575,Tom Hoge (41750027),Farmers Insurance Open,1.77,46.58,6800,1,-0.02,-0.051726094,89,0.000673149,0.062761072,2.771498934,-0.074,-0.112,-0.25,0.015,0.273,-4.244,-0.013,156,269,278,145,62,295,252,16.404,0.022,18.879,0.043,28.051,-0.003,43.144,0.024,36.221,0.014,0.0027,0.018651144,0.043576995,0.100124412,0.476216667,G,Tom Hoge,3
"Woodland, Gary",12577,Gary Woodland (41750026),Farmers Insurance Open,2.31,47.83,6800,0,0.05,0.056238603,131,0.104618303,0.101016253,2.812777869,-0.101,-0.044,0.247,-0.328,0.023,9.135,-0.004,161,222,81,422,135,45,218,17.964,-0.006,22.964,-0.005,29.698,0.031,41.436,0.057,37.676,-0.012,0.00315,0.022112421,0.050039786,0.11128435,0.48785,G,Gary Woodland,3
"Roy, Kevin",18424,Kevin Roy (41750030),Farmers Insurance Open,0.4,45.82,6800,0,-0.05,0.14077095,142,0.007574502,-0.030331236,2.749421613,0.016,0.135,0.09,0.015,-0.224,1.858,0.015,141,98,128,146,238,148,131,17.372,0.012,23.095,-0.02,31.956,-0.016,42.295,0.032,39.235,-0.001,0.002883333,0.017610893,0.040703671,0.09872758,0.480033333,G,Kevin Roy,3
"Vegas, Jhonattan",13508,Jhonattan Vegas (41750032),Farmers Insurance Open,0.84,48.34,6800,1,0.09,-0.021198921,88,0.129621011,0.158860511,2.802966981,-0.14,-0.266,0.09,-0.059,0.094,6.562,-0.038,168,368,127,220,107,72,336,18.701,-0.018,23.899,-0.025,32.019,-0.005,43.182,0.001,36.648,0.02,0.002933333,0.023620476,0.052654714,0.116096868,0.4909,G,Jhonattan Vegas,3
"Ford, David",31343,David Ford (41750041),Farmers Insurance Open,2.92,47.57,6700,0,0.06,-0.181526494,312,0.111896239,-0.043006607,2.781772467,0.202,-0.214,0.612,-0.157,-0.039,1.667,0.072,107,338,13,323,165,151,19,20.409,-0.056,23.443,-0.036,31.255,-0.017,43.926,0.024,40.359,0.009,0.00345,0.0217767,0.04923298,0.11064144,0.4757,G,David Ford,3
"Putnam, Andrew",14704,Andrew Putnam (41750037),Farmers Insurance Open,1.57,41.63,6700,1,-0.18,0.184131275,114,-0.218594543,0.004034324,2.613847999,0.013,0.265,-0.577,0.288,0.038,-21.724,0.088,142,43,386,13,129,444,9,18.594,-0.025,22.147,-0.008,31.826,0.023,46.024,0.02,38.487,-0.048,0.000833333,0.007979365,0.021323249,0.06090696,0.409383333,G,Andrew Putnam,3
"Dahmen, Joel",14509,Joel Dahmen (41764107),Farmers Insurance Open,0.02,43.29,6700,0,-0.12,-0.16353097,210,-0.215414724,0.016744047,2.76083209,-0.12,-0.255,0.215,-0.073,-0.007,-5.894,0.076,164,363,88,234,149,332,16,17.451,-0.014,21.931,0.006,31.975,0.003,43.821,-0.012,35.947,0.016,0.0015,0.012312903,0.030370289,0.074879494,0.430966667,G,Joel Dahmen,3
"Eckroat, Austin",26653,Austin Eckroat (41750034),Farmers Insurance Open,0.89,46.9,6700,1,0,0.061042439,140,0.109802147,-0.002542078,2.749876319,0.138,-0.003,0.118,-0.243,0.266,0.02,0.03,117,192,115,391,67,187,90,19.684,-0.013,22.246,0.015,30.041,0.027,40.905,0.043,33.782,0.045,0.003066667,0.02014332,0.047682123,0.111225808,0.495033333,G,Austin Eckroat,3
"Nakajima, Keita",21074,Keita Nakajima (41750036),Farmers Insurance Open,0,44.65,6700,1,-0.07,-0.043694979,103,-0.111519139,-0.031612326,2.767602764,-0.02,0.125,0.039,-0.15,-0.034,-0.652,0.011,144,106,144,317,163,201,143,,,,,30.455,0.031,43.651,0.073,34.335,0.025,0.0019,0.013919036,0.033232534,0.080385496,0.440466667,G,Keita Nakajima,3
"Fishburn, Patrick",25094,Patrick Fishburn (41750035),Farmers Insurance Open,0,45.46,6700,1,-0.05,-0.017226656,139,-0.096079959,-0.031337821,2.780281316,-0.144,0.029,-0.013,-0.095,-0.066,4.257,-0.022,171,163,171,252,175,105,284,18.312,-0.03,23.201,-0.001,32.888,-0.001,44.807,0.012,42.045,-0.037,0.001883333,0.014394821,0.033698362,0.083597738,0.444383333,G,Patrick Fishburn,3
"Pavon, Matthieu",19960,Matthieu Pavon (41750039),Farmers Insurance Open,2.12,40.84,6700,0,-0.2,-0.565593215,260,-0.465582322,0.026214458,2.830867978,-0.501,0.027,0.002,-0.197,-0.333,-1.257,0.013,225,168,163,359,278,214,134,21.149,-0.079,23.117,-0.017,32.611,-0.02,47.269,-0.007,36.977,0.033,0.001083333,0.00758994,0.020092954,0.053667028,0.368566667,G,Matthieu Pavon,3
"Saddier, Adrien",14792,Adrien Saddier (41750040),Farmers Insurance Open,0,44.95,6700,0,-0.06,-0.065623821,79,-0.088385075,-0.043006607,2.782095576,-0.029,-0.099,0.035,0.003,0.032,-2.977,0.032,145,261,147,166,133,266,83,12.912,0.038,,,32.906,-0.054,,,48.039,-0.185,0.001816667,0.013661978,0.033768721,0.082233436,0.439683333,G,Adrien Saddier,3
"Clanton, Luke",32330,Luke Clanton (41750038),Farmers Insurance Open,1.5,44.14,6700,0,-0.09,-0.309924374,186,-0.224168342,-0.009772809,2.825458157,-0.295,-0.227,0.157,-0.224,-0.001,6.743,-0.016,196,349,97,377,146,69,258,19.491,-0.034,22.464,-0.004,29.555,0.037,45.562,-0.015,38.184,-0.011,0.002033333,0.012919743,0.031561305,0.075663834,0.421883333,G,Luke Clanton,3
"Shipley, Neal",32055,Neal Shipley (41750047),Farmers Insurance Open,0.31,43.78,6600,0,-0.09,-0.192049175,108,-0.243831713,-0.043006607,2.816898847,,,,,,,,,,,,,,,,,,,31.328,-0.017,,,28.744,0.037,0.001416667,0.012068532,0.02901694,0.07325787,0.4109,G,Neal Shipley,3
"Ramey, Chad",19840,Chad Ramey (41750042),Farmers Insurance Open,0,44.63,6600,1,-0.06,-0.094134444,171,-0.140877829,-0.006952404,2.76614599,-0.114,0.088,0.068,-0.013,-0.257,-3.346,0.026,163,126,136,183,247,274,104,15.997,0.051,23.266,-0.029,32.814,-0.002,45.718,-0.01,38.788,-0.006,0.001733333,0.013964167,0.034666278,0.083861809,0.44575,G,Chad Ramey,3
"Hubbard, Mark",16333,Mark Hubbard (41750046),Farmers Insurance Open,0,42.85,6600,1,-0.12,-0.095282312,127,-0.243042512,0.004802227,2.753022319,-0.228,0.038,-0.204,0.001,-0.063,-4.641,0.002,188,153,256,169,174,304,188,17.418,-0.017,22.548,-0.017,31.4,-0.004,43.311,0.043,39.976,-0.044,0.001533333,0.010302801,0.026248491,0.06977007,0.42345,G,Mark Hubbard,3
"Kanaya, Takumi",19729,Takumi Kanaya (41750043),Farmers Insurance Open,0.18,46.51,6600,0,0.01,0.3284026,119,0.121428546,-0.02647716,2.700087833,0.293,0.188,0.172,0.139,-0.206,-8.276,0.087,97,69,93,56,230,365,10,18.099,-0.019,23.306,-0.024,34.696,-0.05,49.84,-0.045,35.058,-0.004,0.002733333,0.019076561,0.046047576,0.108756492,0.4958,G,Takumi Kanaya,3
"Dou, Zecheng",16757,Zecheng Dou (41750048),Farmers Insurance Open,0,46.21,6600,0,-0.01,-0.091328672,218,0.002599772,-0.033072649,2.77564357,,,,,,,,,,,,,,,,,,,,,,,35.758,-0.055,0.002366667,0.017391521,0.040667961,0.094867688,0.465433333,G,Zecheng Dou,3
"Fisk, Steven",26657,Steven Fisk (41750045),Farmers Insurance Open,0.2,47.23,6600,0,0.07,-0.022790078,110,0.070858915,-0.028339155,2.759997638,0.026,-0.189,0.143,0.028,0.045,5.759,-0.009,135,320,104,135,127,83,239,15.481,0.073,23.215,0,33.354,-0.01,42.972,0.001,44.458,-0.034,0.002666667,0.019624226,0.044194746,0.105702638,0.480183333,G,Steven Fisk,3
"Ryder, Sam",16715,Sam Ryder (41764113),Farmers Insurance Open,0.58,45.79,6600,1,-0.02,-0.089719755,197,-0.075010047,0.085555443,2.794442117,-0.181,0.215,-0.201,-0.111,-0.083,-3.285,-0.007,175,55,253,272,182,272,232,18.784,-0.042,23.236,-0.012,29.59,0.008,43.524,-0.012,41.275,-0.029,0.00235,0.014931032,0.036569598,0.087989954,0.44825,G,Sam Ryder,3
"Phillips, Chandler",27164,Chandler Phillips (41750044),Farmers Insurance Open,0,44.6,6600,0,-0.06,0.024252643,150,-0.052547373,-0.046750751,2.720361605,-0.017,0.198,-0.324,0.168,-0.059,-4.896,-0.005,143,64,310,40,172,313,229,16.558,0.014,21.79,0.002,30.538,0.005,44.532,0.006,35.858,0.026,0.002066667,0.01380629,0.034207387,0.085237547,0.45495,G,Chandler Phillips,3
"Snedeker, Brandt",8820,Brandt Snedeker (41750052),Farmers Insurance Open,0.15,41.61,6500,0,-0.15,-0.176957676,286,-0.237887659,0.308640057,2.675029422,-0.345,0.098,-0.462,0.092,-0.073,-18.012,0.066,203,122,353,79,179,437,28,13.925,0.078,20.882,0.051,30.73,-0.011,52.722,-0.045,44.535,-0.06,0.00095,0.009044107,0.023663899,0.06351748,0.39195,G,Brandt Snedeker,3
"Hisatsune, Ryo",22760,Ryo Hisatsune (41750054),Farmers Insurance Open,0.48,45.03,6500,1,-0.03,-0.356832802,135,-0.062969835,-0.02818948,2.764580108,-0.034,-0.209,0.106,0.03,0.038,-1.289,0.018,148,334,121,132,128,216,120,20.011,-0.097,22.2,-0.015,30.062,0.037,45.458,-0.004,36.393,0.019,0.002366667,0.015413175,0.03617801,0.087910693,0.458983333,G,Ryo Hisatsune,3
"Riley, Davis",19872,Davis Riley (41750050),Farmers Insurance Open,0.69,44.59,6500,0,-0.05,-0.387689479,89,-0.26251858,-0.031117242,2.882489655,-0.362,0.347,-0.467,0.149,-0.391,0.76,-0.061,207,23,355,50,294,172,400,15.123,0.027,21.775,-0.001,31.034,-0.016,50.906,-0.095,39.757,-0.025,0.002033333,0.01358498,0.031206041,0.075466582,0.420716667,G,Davis Riley,3
"Wu, Dylan",25002,Dylan Wu (41750051),Farmers Insurance Open,0.2,48.06,6500,1,0.17,-0.019138468,331,0.235758813,0.029965603,2.685966223,0.199,-0.006,0.115,0.016,0.074,-1.118,0.015,108,195,118,144,116,212,128,20.723,-0.015,20.73,0.05,33.61,-0.008,48.026,-0.083,39.655,-0.045,0.00325,0.023422288,0.052977846,0.12076891,0.507733333,G,Dylan Wu,3
"Blanchet, Chandler",24956,Chandler Blanchet (41750053),Farmers Insurance Open,0,43.18,6500,1,-0.1,0.066869553,124,-0.226058521,-0.043006607,2.752726359,,,,,,,,,,,,,,,,,,,,,,,,,0.001666667,0.010978882,0.027985391,0.070690026,0.413566667,G,Chandler Blanchet,3
"Potgieter, Aldrich",27900,Aldrich Potgieter (41750049),Farmers Insurance Open,7.33,49.95,6500,1,0.33,-0.313691272,87,0.135410103,-0.012751091,2.918060705,-0.101,-0.15,0.535,-0.327,-0.159,22.063,-0.05,162,295,19,421,209,2,380,19.338,-0.032,20.895,0.033,31.318,0.001,46.424,-0.001,39.601,-0.043,0.0052,0.030131197,0.06348534,0.130434527,0.50395,G,Aldrich Potgieter,3
"List, Luke",7960,Luke List (41750055),Farmers Insurance Open,1.22,38.02,6500,0,-0.27,-0.827884918,447,-0.794934014,0.121505298,2.881717304,-0.72,-0.224,-0.008,-0.131,-0.357,1.953,0.002,268,346,168,292,280,146,187,21.768,-0.083,25.78,-0.054,34.833,-0.041,44.943,0.013,39.188,-0.001,0.000766667,0.005751687,0.014625347,0.040121214,0.329,G,Luke List,3
"Rosenmueller, Thomas",22736,Thomas Rosenmueller (41764112),Farmers Insurance Open,0,43.98,6500,1,-0.07,-0.048823181,276,-0.214194471,-0.041421773,2.771236435,0.019,-0.321,0.28,-0.218,0.278,4.599,0.007,140,391,69,371,59,96,168,18.631,-0.007,22.785,-0.02,27.667,0.076,44.11,0.021,40.026,-0.026,0.001416667,0.011303915,0.027768604,0.071875165,0.42,G,Thomas Rosenmueller,3
"Salinda, Isaiah",27183,Isaiah Salinda (41750057),Farmers Insurance Open,0.43,43.44,6400,0,-0.07,-0.590276763,244,-0.349024232,-0.028925927,2.886666336,-0.406,-0.414,0.366,-0.166,-0.193,9.406,-0.001,214,424,51,333,228,42,210,19.211,-0.014,22.173,0.005,30.145,0.01,45.193,-0.028,38.872,-0.062,0.001633333,0.011490961,0.026820533,0.067082512,0.392716667,G,Isaiah Salinda,3
"Garnett, Brice",11451,Brice Garnett (41750058),Farmers Insurance Open,0,38.76,6400,1,-0.23,-0.223730896,313,-0.446337434,-0.001002714,2.682476085,-0.268,0.008,-0.153,0.021,-0.144,-12.759,0.078,191,183,232,140,203,411,14,19.158,-0.035,22.408,-0.005,31.498,0.001,47.035,-0.009,42.161,-0.03,0.000716667,0.006208381,0.016855281,0.049011991,0.365,G,Brice Garnett,3
"Suber, Jackson",29279,Jackson Suber (41764114),Farmers Insurance Open,0,41.11,6400,1,-0.15,-0.457515274,191,-0.458949072,-0.019860951,2.823996589,-0.533,-0.048,-0.129,-0.141,-0.216,3.175,-0.042,228,226,218,304,234,122,348,18.282,-0.01,22.985,0.005,30.861,0,39.981,0.031,40.505,-0.025,0.00105,0.00795334,0.020516829,0.054614898,0.377633333,G,Jackson Suber,3
"Vilips, Karl",24304,Karl Vilips (41750060),Farmers Insurance Open,3.17,45.04,6400,1,-0.02,-0.390260472,137,-0.154261228,-0.043006607,2.821129453,-0.244,-0.125,-0.043,-0.064,-0.013,6.006,-0.044,189,276,185,228,152,77,359,16.033,0.019,23.33,-0.022,29.738,0.059,47.892,-0.035,40.15,-0.022,0.0022,0.015123929,0.035063573,0.082487942,0.440466667,G,Karl Vilips,3
"Yellamaraju, Sudarshan",29925,Sudarshan Yellamaraju (41750059),Farmers Insurance Open,0.93,42.04,6400,1,-0.12,-0.544136585,240,-0.39424625,-0.043006607,2.834487849,,,,,,,,,,,,,,,,,,,,,,,26.5,0.086,0.001266667,0.009509643,0.0236931,0.060176066,0.38505,G,Sudarshan Yellamaraju,3
"Griffin, Lanto",15330,Lanto Griffin (41764108),Farmers Insurance Open,0.07,40.96,6400,0,-0.16,-0.386444906,189,-0.472941248,0.110267153,2.757919755,-0.565,-0.013,-0.276,-0.108,-0.168,-3.806,0.004,238,199,290,270,213,284,175,21.542,-0.048,22.823,-0.034,30.757,0.006,45.051,0.034,35.722,0.021,0.00085,0.007325694,0.0195717,0.053239569,0.381816667,G,Lanto Griffin,3
"Van Rooyen, Erik",17550,Erik Van Rooyen (41750056),Farmers Insurance Open,0.13,43.62,6400,1,-0.07,-0.412435374,125,-0.238497715,-0.031574905,2.828022675,-0.274,-0.239,0.124,-0.06,-0.1,3.456,-0.021,192,355,113,222,186,116,277,18.386,0.003,22.841,0.005,31.386,-0.004,45.793,-0.029,37.56,0.004,0.001566667,0.012622579,0.030303447,0.073810248,0.430716667,G,Erik Van Rooyen,3
"Hirata, Kensei",20954,Kensei Hirata (41750062),Farmers Insurance Open,0,37.42,6400,0,-0.28,-0.647651808,155,-0.736297206,-0.043006607,2.773966004,,,,,,,,,,,,,,,,,,,,,,,,,0.000433333,0.003725701,0.011070657,0.033242833,0.32265,G,Kensei Hirata,3
"Lower, Justin",17723,Justin Lower (41750067),Farmers Insurance Open,0,37.65,6300,1,-0.26,-0.614327455,173,-0.759992187,-0.008408363,2.81767447,-0.717,-0.206,-0.184,-0.137,-0.19,-5.432,0.004,267,330,244,299,226,324,180,16.674,0.062,21.957,-0.012,30.757,-0.018,44.925,-0.063,37.997,0.007,0.000466667,0.004545551,0.012606487,0.038116969,0.3321,G,Justin Lower,3
"Svensson, Adam",13997,Adam Svensson (41750068),Farmers Insurance Open,0,43,6300,0,-0.08,-0.211380888,315,-0.202428821,-0.022204754,2.719969678,-0.095,-0.35,-0.188,0.147,0.295,-7.926,0.027,159,407,245,52,57,359,103,19.868,-0.046,21.181,0.005,29.897,0.02,43.433,0.028,39.679,-0.02,0.001566667,0.011659272,0.029368323,0.072438968,0.43095,G,Adam Svensson,3
"Lipsky, David",15980,David Lipsky (41750066),Farmers Insurance Open,0,40.09,6300,0,-0.17,-0.229188393,147,-0.452547718,-0.015429654,2.738339346,-0.348,-0.088,-0.301,0.009,0.032,-10.466,0.031,205,253,296,154,132,393,87,18.005,0.001,20.53,0.03,30.843,0.007,43.255,0.041,40.01,-0.026,0.000816667,0.007245079,0.019361949,0.051891199,0.3803,G,David Lipsky,3
"Lebioda, Hank",21943,Hank Lebioda (41750063),Farmers Insurance Open,0,40.31,6300,1,-0.17,-0.305305096,200,-0.429053662,0.028628755,2.74835529,,,,,,,,,,,,,,,,,,,,,,,,,0.00095,0.007258571,0.019228255,0.052520919,0.374866667,G,Hank Lebioda,3
"Gonzalez, Emilio",28016,Emilio Gonzalez (41750065),Farmers Insurance Open,0,40.67,6300,0,-0.15,-0.207020381,158,-0.407569819,-0.043006607,2.744230568,,,,,,,,,,,,,,,13.791,0.141,,,,,,,32.847,0.072,0.000866667,0.007252401,0.019076836,0.052349662,0.377616667,G,Emilio Gonzalez,3
"Highsmith, Joe",28469,Joe Highsmith (41750069),Farmers Insurance Open,0,37.3,6300,1,-0.27,-0.979084224,120,-0.89566763,-0.004106819,2.873921637,-0.923,-0.212,-0.236,-0.106,-0.369,-0.831,-0.018,298,337,270,265,286,207,265,18.974,-0.042,22.676,-0.017,30.818,0.006,44.047,0.008,38.941,-0.037,0.00055,0.004281071,0.011459441,0.03160152,0.3056,G,Joe Highsmith,3
"Chatfield, Davis",30620,Davis Chatfield (41750064),Farmers Insurance Open,0,36.34,6300,0,-0.3,-0.315630447,223,-0.688398531,-0.043006607,2.669271475,,,,,,,,,,,,,,,,,,,,,,,,,0.00035,0.003155556,0.009735167,0.030013948,0.31365,G,Davis Chatfield,3
"Lamprecht, Christo",24343,Christo Lamprecht (41750071),Farmers Insurance Open,0.67,42.52,6200,1,-0.08,-0.709488702,157,-0.481768813,-0.043006607,2.961097402,,,,,,,,,,,,,,,,,,,,,,,47.826,-0.133,0.0016,0.010539193,0.024489004,0.060143133,0.37985,G,Christo Lamprecht,3
"Bauchou, Zach",19846,Zachary Bauchou (41750070),Farmers Insurance Open,0.24,40.76,6200,1,-0.14,-0.323046671,179,-0.422794142,-0.043006607,2.760858479,,,,,,,,,,,,,,,,,,,,,,,50.251,-0.154,0.0008,0.007027619,0.018921722,0.051635835,0.376583333,G,Zachary Bauchou,3
"VanDerLaan, John",25319,John VanDerLaan (41750072),Farmers Insurance Open,0,41.76,6200,1,-0.1,-0.451236524,269,-0.453051403,-0.043006607,2.834731874,,,,,,,,,,,,,,,,,,,,,,,,,0.000983333,0.008298697,0.022352775,0.057510047,0.3765,G,John VanDerLaan,3
"Schenk, Adam",19477,Adam Schenk (41750076),Farmers Insurance Open,0.27,38.43,6200,1,-0.22,-0.874098997,141,-0.775146674,0.049030237,2.878009863,-0.901,-0.209,-0.214,-0.198,-0.28,1.342,-0.043,296,335,260,362,259,159,355,18.921,-0.05,20.895,0.021,30.065,0.005,43.849,-0.002,36.818,-0.03,0.000883333,0.005229226,0.013814144,0.037203482,0.3283,G,Adam Schenk,3
"Davis, Cam",17786,Cameron Davis (41750075),Farmers Insurance Open,0.53,39.99,6200,1,-0.16,-0.878644325,148,-0.697897832,0.022612089,2.943295639,-0.827,-0.077,-0.302,-0.084,-0.363,2.638,-0.054,287,249,298,246,284,128,387,15.818,0.035,22.181,0.01,30.088,-0.006,43.435,-0.042,37.36,0.005,0.00095,0.007736885,0.019111054,0.047876574,0.3459,G,Cameron Davis,3
"Tosti, Alejandro",17032,Alejandro Tosti (41750074),Farmers Insurance Open,0.91,42.22,6200,1,-0.09,-0.775767727,256,-0.512345542,-0.023319707,2.923698528,-0.657,-0.37,0.126,-0.106,-0.307,10.991,-0.055,250,415,112,266,269,33,391,20.703,-0.071,22.639,-0.03,30.557,-0.014,43.304,0.018,30.81,0.063,0.001566667,0.009815848,0.02351044,0.057040668,0.376033333,G,Alejandro Tosti,3
"Norlander, Henrik",11657,Henrik Norlander (41764110),Farmers Insurance Open,0,36.81,6200,1,-0.27,-0.498915816,284,-0.872200127,0.034256153,2.757747311,-0.57,-0.325,-0.302,-0.141,0.199,-9.878,0.032,239,392,297,306,80,384,82,18.261,0.01,20.865,0.031,29.553,0.048,45.53,-0.002,38.104,-0.024,0.000366667,0.002899788,0.008734968,0.028370123,0.299866667,G,Henrik Norlander,3
"Paul, Jeremy",22087,Jeremy Paul (41764111),Farmers Insurance Open,0,37.53,6200,0,-0.25,-0.580794069,304,-0.800790138,-0.035226882,2.803773392,-0.713,0.012,-0.37,0.01,-0.366,0.023,-0.051,266,178,326,151,285,186,381,14.271,0.078,24.84,-0.031,35.164,-0.044,44.158,-0.004,36.172,0.047,0.0005,0.003765119,0.01072904,0.031794454,0.30945,G,Jeremy Paul,3
"Lee, S.T.",16162,Seung-taek Lee (41750073),Farmers Insurance Open,0,41.56,6200,1,-0.11,-0.524753478,257,-0.53453015,-0.043006607,2.856000002,,,,,,,,,,,,,,,,,,,,,,,,,0.00105,0.007397063,0.018668342,0.049841594,0.363383333,G,Seung-taek Lee,3
"Hoffman, Charley",5768,Charley Hoffman (41750077),Farmers Insurance Open,0.05,37.62,6100,0,-0.23,-0.621871939,291,-0.829166657,0.142431428,2.870280644,-1.001,-0.596,-0.202,-0.035,-0.168,0.011,-0.018,307,446,255,206,212,188,264,18.929,-0.036,23.856,-0.023,29.288,0.048,43.145,-0.024,39.427,-0.036,0.000616667,0.005330946,0.013587665,0.036625303,0.320416667,G,Charley Hoffman,3
"Kang, Jeffrey",21889,Jeffrey Kang (41750081),Farmers Insurance Open,0,37.85,6100,1,-0.22,-0.602071719,209,-0.771881482,-0.043006607,2.821415818,,,,,,,,,,,,,,,,,,,,,,,,,0.000633333,0.004873717,0.012358322,0.03410416,0.321983333,G,Jeffrey Kang,3
"Walker, Danny",25003,Danny Walker (41750082),Farmers Insurance Open,0,37.83,6100,0,-0.22,-0.764475912,216,-0.869815503,-0.011564068,2.919440341,-1.002,0.027,-0.356,-0.113,-0.56,5.314,-0.063,308,167,320,276,347,87,407,19.49,-0.063,22.595,0.014,31.275,0.007,45.761,-0.091,35.078,0.06,0.00065,0.004877217,0.013238865,0.036874997,0.324283333,G,Danny Walker,3
"Nyholm, Pontus",25475,Pontus Nyholm (41750078),Farmers Insurance Open,0,37.96,6100,0,-0.22,-0.916793863,272,-0.926805405,-0.043006607,2.940506211,,,,,,,,,,,,,,,,,,,,,,,47.286,-0.224,0.000616667,0.004789279,0.011518823,0.031479267,0.30205,G,Pontus Nyholm,3
"Streelman, Kevin",8480,Kevin Streelman (41750080),Farmers Insurance Open,0,35.88,6100,0,-0.29,-0.900937666,469,-0.933711429,0.190351827,2.819242841,-1.053,-0.209,-0.357,-0.18,-0.307,-8.712,0.012,322,336,321,345,268,373,139,15.755,0.015,19.46,0.069,32.215,-0.012,51.987,-0.019,39.818,0.001,0.000383333,0.003875417,0.010723285,0.0301006,0.291316667,G,Kevin Streelman,3
"Hastings, Justin",31960,Justin Hastings (41750079),Farmers Insurance Open,0.29,40.17,6100,1,-0.14,-0.797670768,380,-0.594160644,-0.043006607,2.848398418,,,,,,,,,,,,,,,15.531,0.075,20.87,0.029,31.309,-0.012,52.452,-0.094,34.894,0.047,0.000966667,0.007314643,0.019140503,0.048236642,0.354033333,G,Justin Hastings,3
"Wise, Aaron",22051,Aaron Wise (41750083),Farmers Insurance Open,0,31.86,6100,0,-0.43,,,-1.553225502,-0.03253678,2.912477595,,,,,,,,,,,,,,,20.958,-0.021,21.551,0.032,32.795,-0.015,46.132,0.011,47.667,-0.102,0.000183333,0.001634253,0.004767619,0.014868344,0.211883333,G,Aaron Wise,3
"Villegas, Camilo",9171,Camilo Villegas (41750084),Farmers Insurance Open,0,38.21,6000,0,-0.2,-0.728112549,424,-0.730524296,0.108721384,2.832198176,-0.825,-0.057,-0.667,0.05,-0.151,-10.021,-0.038,285,235,403,110,206,386,334,16.34,0.021,19.958,0.049,32.901,-0.029,50.436,-0.084,32.459,0.052,0.000616667,0.005066845,0.014050697,0.038985764,0.332916667,G,Camilo Villegas,3
"Campos, Rafael",12909,Rafael Campos (41750087),Farmers Insurance Open,0,36.13,6000,1,-0.27,,,-1.002992843,0.007121673,2.881154071,-1.12,-0.168,-0.226,-0.223,-0.503,2.793,-0.045,335,309,265,376,330,126,366,22.516,-0.168,23.526,-0.028,34.02,-0.021,47.791,-0.062,39.26,-0.034,0.0005,0.003553234,0.009583454,0.028622186,0.295833333,G,Rafael Campos,3
"Logan, Hunter",31866,Hunter Logan (41764109),Farmers Insurance Open,0,24.89,6000,0,-0.65,,,-2.414554393,-0.043006607,3.105467408,,,,,,,,,,,,,,,,,,,,,,,,,8.33333333333333e-05,0.000501111,0.00148153,0.004184823,0.119766667,G,Hunter Logan,3
"Malnati, Peter",14926,Peter Malnati (41750086),Farmers Insurance Open,0,37.19,6000,0,-0.23,-0.985515873,501,-0.912565664,0.082762959,2.879878092,-1.105,0.171,-0.836,0.132,-0.572,-4.107,-0.091,332,77,422,59,354,292,435,19.667,-0.048,22.895,-0.044,31.802,0.012,53.996,-0.122,35.803,0.006,0.000583333,0.004230575,0.011434168,0.031838233,0.308016667,G,Peter Malnati,3
"Rozo, Marcelo",16591,Marcelo Rozo (41750089),Farmers Insurance Open,0,34.21,6000,0,-0.33,-0.921149608,465,-1.148286813,-0.043006607,2.809582866,,,,,,,,,,,,,,,,,,,,,,,,,0.000133333,0.00197996,0.005639994,0.017397848,0.24755,G,Marcelo Rozo,3
"Geddes, Mark",21886,Mark Geddes (41750091),Farmers Insurance Open,0,14.48,6000,0,-1,,,-5.852493336,-0.043006607,3.257779585,,,,,,,,,,,,,,,,,,,,,,,,,0,0,0,0,0.004016667,G,Mark Geddes,3
"Byrd, Marcus",29304,Marcus Byrd (41750088),Farmers Insurance Open,0,33.15,6000,0,-0.37,,,-1.544187386,-0.029356463,3.006519216,,,,,,,,,,,,,,,,,,,,,,,38.097,0.015,0.0002,0.001778056,0.00534987,0.016022226,0.2146,G,Marcus Byrd,3
"Sargent, Gordon",30814,Gordon Sargent (41750085),Farmers Insurance Open,0.76,37.39,6000,0,-0.23,,,-1.098422283,-0.043006607,3.027339787,,,,,,,,,,,,,,,15.897,0.009,25.226,-0.05,36.181,-0.086,50.154,-0.078,39.552,0.016,0.000666667,0.00465506,0.01084317,0.029719955,0.281533333,G,Gordon Sargent,3
"Ewart, A.J.",21883,A.J. Ewart (41750090),Farmers Insurance Open,0,38.38,6000,0,-0.19,-0.991450143,452,-0.737019507,-0.043006607,2.825117179,,,,,,,,,,,,,,,15.98,0.01,,,,,,,35.888,0.035,0.000666667,0.005344835,0.014338739,0.039608469,0.3241,G,A.J. Ewart,3
